BARCODE SCAN,Category,Sub Category,Title,Description,Quantity,Type,Price,Shipping Profile,Gradable,Offerable,Hazmat,Image URL 1,Image URL 2,Image URL 3,Image URL 4,Image URL 5,Image URL 6,Image URL 7,Image URL 8
4983164194272,Action Figures,Anime Figures,A Certain Scientific Railgun T Relax Time Misaki Shokuhou,New/sealed,1,Auction,25,1-2 lbs,,,Not Hazmat,https://i.ibb.co/r3HjYvC/1907e29d-2edd-45d9-a838-a1d062dc185b.png,,,,,,,
251073701451700900,Action Figures,Anime Figures,Angel Beats! - Tenshi - Coreful Figure (Taito),New/sealed,2,Auction,25,1-2 lbs,,,Not Hazmat,https://i.ibb.co/Smm9CsY/1974406-4f8db.png,,,,,,,
4580779532095,Action Figures,Anime Figures,Bocchi the Rock! Desktop x Decorate Collections Hitori Goto Figure,New/sealed,3,Auction,25,12-15 oz,,,Not Hazmat,https://i.ibb.co/FxP8qJQ/0a610dc8-1c35-4565-a66c-4818fd849fb9.png,,,,,,,
4580779532132,Action Figures,Anime Figures,Bocchi the Rock! Nijika Ijichi Premium Perching Figure,New/sealed,5,Auction,25,12-15 oz,,,Not Hazmat,https://i.ibb.co/9vwzXHR/14bdbeef-5a53-48c6-9632-91c8d962596c.png,,,,,,,
4570001511615,Action Figures,Anime Figures,Chainsaw Man B-Style Makima (Bunny Ver.) 1/4 Scale Figure,New/sealed,1,Auction,300,1-2 lbs,,,Not Hazmat,https://i.ibb.co/YLjp6dF/a8956fce-e5a0-4378-8743-80f76861b556.png,,,,,,,
CSM00001,Action Figures,Anime Figures,Chainsaw Man Q Posket Makima,New/sealed,1,Auction,20,12-15 oz,,,Not Hazmat,https://i.ibb.co/Pcy3wV0/c8c2f7b2-89de-4e45-ac29-55366dc8d0e6.png,,,,,,,
4535123835643,Action Figures,Anime Figures,Code Geass: Lelouch of the Re;surrection G.E.M. Series C.C. (Pilot Suit Ver.) Figure,New/sealed,1,Auction,200,1-2 lbs,,,Not Hazmat,https://i.ibb.co/n3pw3Nb/857a39b3-2a80-4257-aa1c-0af9d21637e2.png,,,,,,,
4580416946346,Action Figures,Anime Figures,Darling in the Franxx Pop Up Parade Ichigo,New/sealed,4,Auction,30,1-2 lbs,,,Not Hazmat,https://i.ibb.co/6nSW0Jm/947c5310-b745-43b8-ba4e-3517dff62622.png,,,,,,,
4580416945578,Action Figures,Anime Figures,Darling in the Franxx Pop Up Parade Zero Two,New/sealed,4,Auction,35,1-2 lbs,,,Not Hazmat,https://i.ibb.co/Rv63WYg/9fce60df-e853-4041-a422-20c9a42bbc8f.png,,,,,,,
251073701451662400,Action Figures,Anime Figures,Date a Live IV Kurumi Tokisaki (Mandarin Swimwear Ver.) Coreful Figure (Renewal Edition),New/sealed,2,Auction,25,12-15 oz,,,Not Hazmat,https://i.ibb.co/FK4CQjV/a503b754-bab5-44d0-8a0a-74687d586086.png,,,,,,,
190526031517,Action Figures,Anime Figures,Demon Slayer: Kimetsu no Yaiba ArtFX J Kyoujurou Rengoku (Purgatory Anjuro) Figure,New/sealed,2,Auction,100,1-2 lbs,,,Not Hazmat,https://i.ibb.co/xMThzMp/3840ac10-c66b-437d-ab22-acb0863600cf.png,,,,,,,
190526038578,Action Figures,Anime Figures,Demon Slayer: Kimetsu no Yaiba ArtFX J Shinobu Kocho Figure,New/sealed,2,Auction,100,1-2 lbs,,,Not Hazmat,https://i.ibb.co/F6FyMg5/ae1fbb2a-f0f2-4900-b012-d2a0e8cad4ad.png,,,,,,,
662248842318,Action Figures,Anime Figures,Demon Slayer: Kimetsu no Yaiba Book Marker Shinobu Kocho Figure,New/sealed,2,Auction,25,1-2 lbs,,,Not Hazmat,https://i.ibb.co/jGbhngy/95874caa-ea55-4167-a034-8350a473b6b6.png,,,,,,,
4983164179712,Action Figures,Anime Figures,Demon Slayer: Kimetsu no Yaiba Demon Series Vol.4 Akaza,New/sealed,2,Auction,20,12-15 oz,,,Not Hazmat,https://i.ibb.co/Srf10YZ/1c610190-e9c0-4373-82cc-ea0da7d4db56.png,,,,,,,
DS000006,Action Figures,Anime Figures,Demon Slayer: Kimetsu no Yaiba Figure Vol.48 Kanao Tsuyuri,New/sealed,1,Auction,20,12-15 oz,,,Not Hazmat,https://i.ibb.co/jrv6dsV/522844bf-f550-4848-8345-f6b4c2dab18c.png,,,,,,,
4580779504696,Action Figures,Anime Figures,Demon Slayer: Kimetsu no Yaiba FiGURiZM Tengen Uzui Figure,New/sealed,2,Auction,25,1-2 lbs,,,Not Hazmat,https://i.ibb.co/p0HWpMB/9c569770-0bbf-4b11-a018-13823668fb26.png,,,,,,,
4570001962134,Action Figures,Anime Figures,Demon Slayer: Kimetsu no Yaiba Giyu Tomioka Super Premium Figure,New/sealed,1,Auction,20,1-2 lbs,,,Not Hazmat,https://i.ibb.co/Jc1TPtV/199a0717-98b6-44a5-991a-330be9311d83.png,,,,,,,
4983164177404,Action Figures,Anime Figures,Demon Slayer: Kimetsu no Yaiba Grandista Zenitsu Agatsuma,New/sealed,1,Auction,25,1-2 lbs,,,Not Hazmat,https://i.ibb.co/HhXB6NM/07b602b2-a685-463b-9d84-fca4208138a7.png,,,,,,,
4580736401105,Action Figures,Anime Figures,Demon Slayer: Kimetsu no Yaiba Hikkake -Hashira 2- Tokito Muichiro (Another Ver.),New/sealed,1,Auction,10,12-15 oz,,,Not Hazmat,https://i.ibb.co/RH9N8Jv/d3bdb19d-5616-47dc-98c0-c600b158d1fd.png,,,,,,,
4589584959035,Action Figures,Anime Figures,Demon Slayer: Kimetsu no Yaiba Hikkake -Hashira 3- Giyu,New/sealed,1,Auction,10,12-15 oz,,,Not Hazmat,https://i.ibb.co/xsw346y/Screenshot-2024-06-17-223725.png,,,,,,,
4589584959059,Action Figures,Anime Figures,Demon Slayer: Kimetsu no Yaiba Hikkake -Hashira 3- Gyomei,New/sealed,1,Auction,10,12-15 oz,,,Not Hazmat,https://i.ibb.co/cJc9H0N/Screenshot-2024-06-17-223638.png,,,,,,,
4589584959042,Action Figures,Anime Figures,Demon Slayer: Kimetsu no Yaiba Hikkake -Hashira 3- Tengen,New/sealed,1,Auction,10,12-15 oz,,,Not Hazmat,https://i.ibb.co/THmRq0h/Screenshot-2024-06-17-223707.png,,,,,,,
4589584954412,Action Figures,Anime Figures,Demon Slayer: Kimetsu no Yaiba Hikkake ~Nezuko Collection~ (Angry),New/sealed,1,Auction,10,12-15 oz,,,Not Hazmat,https://i.ibb.co/LvmHRq6/994676-e346e.png,,,,,,,
4589584954399,Action Figures,Anime Figures,Demon Slayer: Kimetsu no Yaiba Hikkake ~Nezuko Collection~ (Happy),New/sealed,1,Auction,10,12-15 oz,,,Not Hazmat,https://i.ibb.co/Ht30Xvx/994675-ecfe2.png,,,,,,,
4589584954405,Action Figures,Anime Figures,Demon Slayer: Kimetsu no Yaiba Hikkake ~Nezuko Collection~ (Timid),New/sealed,1,Auction,10,12-15 oz,,,Not Hazmat,https://i.ibb.co/bXwfRVQ/994677-f60bd.png,,,,,,,
4580736402799,Action Figures,Anime Figures,Demon Slayer: Kimetsu no Yaiba Hikkake Kanao Tsuyuri Figure (Ver. A),New/sealed,1,Auction,10,12-15 oz,,,Not Hazmat,https://i.ibb.co/F8kWbm1/232e7052-e141-4243-83e5-50a7236fee50.png,,,,,,,
4580736402812,Action Figures,Anime Figures,Demon Slayer: Kimetsu no Yaiba Hikkake Kanao Tsuyuri Figure (Ver. B),New/sealed,1,Auction,10,12-15 oz,,,Not Hazmat,https://i.ibb.co/wBJfm10/a814cdd9-006a-4ff1-a2a9-a9474aabb5a2.png,,,,,,,
4580736402805,Action Figures,Anime Figures,Demon Slayer: Kimetsu no Yaiba Hikkake Kanao Tsuyuri Figure (Ver. C),New/sealed,1,Auction,10,12-15 oz,,,Not Hazmat,https://i.ibb.co/LgV0qMr/e7c5ac6b-fe0e-40a8-91fb-1f07c0aaa7e2.png,,,,,,,
4580736403215,Action Figures,Anime Figures,Demon Slayer: Kimetsu no Yaiba Hikkake Rengoku Kyojuro (Frown),New/sealed,1,Auction,10,12-15 oz,,,Not Hazmat,https://i.ibb.co/QFsbLDv/87a68f05-6b9d-4ca2-91d1-7cd3301fe30c.png,,,,,,,
4580736403239,Action Figures,Anime Figures,Demon Slayer: Kimetsu no Yaiba Hikkake Rengoku Kyojuro (Happy),New/sealed,1,Auction,10,12-15 oz,,,Not Hazmat,https://i.ibb.co/44vwRDm/58a7125c-7c8a-45de-bc85-227ca8e7cf56.png,,,,,,,
4580736403222,Action Figures,Anime Figures,Demon Slayer: Kimetsu no Yaiba Hikkake Rengoku Kyojuro (Smirk),New/sealed,1,Auction,10,12-15 oz,,,Not Hazmat,https://i.ibb.co/nPTmyf3/781cfaa7-61b5-420e-b75f-bbe4af656789.png,,,,,,,
4580736400788,Action Figures,Anime Figures,Demon Slayer: Kimetsu no Yaiba Hikkake Vol.1 Inosuke Hashibira (Beast),New/sealed,1,Auction,10,12-15 oz,,,Not Hazmat,https://i.ibb.co/Kj9vFt8/d1180651-1487-425b-b6f7-03c2da29b664.png,,,,,,,
4580736400764,Action Figures,Anime Figures,Demon Slayer: Kimetsu no Yaiba Hikkake Vol.1 Inosuke Hashibira (Happy),New/sealed,1,Auction,10,12-15 oz,,,Not Hazmat,https://i.ibb.co/7pHK7RW/6f2ba825-18ba-433c-b796-80138bc7d7ef.png,,,,,,,
4580736400771,Action Figures,Anime Figures,Demon Slayer: Kimetsu no Yaiba Hikkake Vol.1 Inosuke Hashibira (Onigiri),New/sealed,1,Auction,10,12-15 oz,,,Not Hazmat,https://i.ibb.co/ky2r2YQ/9523577f-fc86-4165-b183-1d91312e6eef.png,,,,,,,
4589584959707,Action Figures,Anime Figures,Demon Slayer: Kimetsu no Yaiba Hikkake Vol.1 Nezuko Kamado (-w-),New/sealed,1,Auction,10,12-15 oz,,,Not Hazmat,https://i.ibb.co/z8Y93Lk/d4d6a098-2604-4427-8ea1-2477bb2ec2c8.png,,,,,,,
4589584959714,Action Figures,Anime Figures,Demon Slayer: Kimetsu no Yaiba Hikkake Vol.1 Nezuko Kamado (>w<),New/sealed,1,Auction,10,12-15 oz,,,Not Hazmat,https://i.ibb.co/BzTXvPY/8bed0bf9-71b9-4871-a825-4da8a11c96ea.png,,,,,,,
4589584959691,Action Figures,Anime Figures,Demon Slayer: Kimetsu no Yaiba Hikkake Vol.1 Nezuko Kamado (owo),New/sealed,1,Auction,10,12-15 oz,,,Not Hazmat,https://i.ibb.co/BjLpDhF/0d411348-2967-43b5-a50d-e6086ec8afbf.png,,,,,,,
4589584959875,Action Figures,Anime Figures,Demon Slayer: Kimetsu no Yaiba Hikkake Vol.1 Zenitsu Agatsuma (Angry),New/sealed,1,Auction,10,12-15 oz,,,Not Hazmat,https://i.ibb.co/xKnfQYW/cb1afae4-37d8-4fbc-8ed1-6f2d943687b2.png,,,,,,,
4589584959899,Action Figures,Anime Figures,Demon Slayer: Kimetsu no Yaiba Hikkake Vol.1 Zenitsu Agatsuma (Cry),New/sealed,1,Auction,10,12-15 oz,,,Not Hazmat,https://i.ibb.co/9bkQvd9/a4204ad6-331a-478b-bb63-b4fc8f06095e.png,,,,,,,
4589584959882,Action Figures,Anime Figures,Demon Slayer: Kimetsu no Yaiba Hikkake Vol.1 Zenitsu Agatsuma (Sick),New/sealed,1,Auction,10,12-15 oz,,,Not Hazmat,https://i.ibb.co/jHWSB26/556cd8f1-cfbe-496c-b0b3-eaa212f0762b.png,,,,,,,
4570001967771,Action Figures,Anime Figures,Demon Slayer: Kimetsu no Yaiba Kanao Tsuyuri Super Premium Figure,New/sealed,2,Auction,20,1-2 lbs,,,Not Hazmat,https://i.ibb.co/xMH7Z8V/1ea9a77d-ebb4-4de7-90ee-8282a4eb246e.png,,,,,,,
4580779501077,Action Figures,Anime Figures,Demon Slayer: Kimetsu No Yaiba Kyojuro Rengoku (Hashira Meeting) Premium Perching Figure,New/sealed,3,Auction,20,12-15 oz,,,Not Hazmat,https://i.ibb.co/L8644qf/7464ec54-603f-4fd4-a7e5-8a8641096a57.png,,,,,,,
4570001949869,Action Figures,Anime Figures,Demon Slayer: Kimetsu no Yaiba Kyojuro Rengoku Premium Perching Figure,New/sealed,1,Auction,20,12-15 oz,,,Not Hazmat,https://i.ibb.co/cTtz2Y3/09a878f0-e524-4eaa-93a1-c8a2e122af74.png,,,,,,,
4535123830891,Action Figures,Anime Figures,Demon Slayer: Kimetsu no Yaiba Look Up Kyojuro Rengoku Figure,New/sealed,2,Auction,20,12-15 oz,,,Not Hazmat,https://i.ibb.co/JvJfFYB/ea7c62ae-a256-44be-a574-93676395d2cf.png,,,,,,,
4535123829864,Action Figures,Anime Figures,Demon Slayer: Kimetsu no Yaiba Look Up Series Inosuke Hashibira,New/sealed,2,Auction,20,12-15 oz,,,Not Hazmat,https://i.ibb.co/RzbSDHN/e31ad9a9-3c71-40c2-a413-826f2d640f83.png,,,,,,,
4535123830662,Action Figures,Anime Figures,Demon Slayer: Kimetsu no Yaiba Look Up Series Kocho Shinobu Figure,New/sealed,2,Auction,20,12-15 oz,,,Not Hazmat,https://i.ibb.co/C1zqbBw/35950c74-8654-441b-8b76-ce8501a24a5d.png,,,,,,,
4535123832031,Action Figures,Anime Figures,Demon Slayer: Kimetsu no Yaiba Look Up Series Tanjiro Kamado (Final Selection Ver.),New/sealed,2,Auction,20,12-15 oz,,,Not Hazmat,https://i.ibb.co/f0kFBKP/c5847128-5535-4643-8f37-fbcb52dd8f89.png,,,,,,,
4570001961014,Action Figures,Anime Figures,Demon Slayer: Kimetsu no Yaiba Mitsuri Kanroji Premium Perching Figure,New/sealed,1,Auction,20,12-15 oz,,,Not Hazmat,https://i.ibb.co/dG6Tjpq/79a68a29-138c-46af-a0ed-427573ff7bd9.png,,,,,,,
4580590125605,Action Figures,Anime Figures,Demon Slayer: Kimetsu no Yaiba Nendoroid No.1541 Kyojuro Rengoku,New/sealed,2,Auction,50,1-2 lbs,,,Not Hazmat,https://i.ibb.co/kGwRgJt/2eb1e846-5f43-4093-9f20-668dba4de9bd.png,,,,,,,
4580590128064,Action Figures,Anime Figures,Demon Slayer: Kimetsu no Yaiba Nendoroid No.1830 Tengen Uzui,New/sealed,2,Auction,50,1-2 lbs,,,Not Hazmat,https://i.ibb.co/3sGPZnw/f8bd731e-866a-44e0-9734-e922010bcfb7.png,,,,,,,
4580590127937,Action Figures,Anime Figures,Demon Slayer: Kimetsu no Yaiba Nendoroid Swacchao! Giyu Tomioka,New/sealed,2,Auction,20,12-15 oz,,,Not Hazmat,https://i.ibb.co/Lxg6GGP/5c84e584-3ca5-4536-8e4f-350936036fa4.png,,,,,,,
4580590127371,Action Figures,Anime Figures,Demon Slayer: Kimetsu no Yaiba Nendoroid Swacchao! Inosuke Hashibira,New/sealed,2,Auction,20,12-15 oz,,,Not Hazmat,https://i.ibb.co/1M10fLm/e198daed-169f-44dd-9d12-675a93fd47c8.png,,,,,,,
4580590127944,Action Figures,Anime Figures,Demon Slayer: Kimetsu no Yaiba Nendoroid Swacchao! Kyojuro Rengoku,New/sealed,2,Auction,20,12-15 oz,,,Not Hazmat,https://i.ibb.co/Bcc8mDh/949756a9-4915-4f8c-8366-fae05080a12c.png,,,,,,,
4580590127357,Action Figures,Anime Figures,Demon Slayer: Kimetsu no Yaiba Nendoroid Swacchao! Nezuko Kamado,New/sealed,2,Auction,20,12-15 oz,,,Not Hazmat,https://i.ibb.co/44PYbND/f8723e40-2062-4e65-93fa-772f51f24877.png,,,,,,,
4580590127951,Action Figures,Anime Figures,Demon Slayer: Kimetsu no Yaiba Nendoroid Swacchao! Shinobu Kocho,New/sealed,2,Auction,20,12-15 oz,,,Not Hazmat,https://i.ibb.co/GsZ7DKx/71c92320-6d83-4491-acf9-866e3313d621.png,,,,,,,
4580590127340,Action Figures,Anime Figures,Demon Slayer: Kimetsu no Yaiba Nendoroid Swacchao! Tanjiro Kamado,New/sealed,2,Auction,20,12-15 oz,,,Not Hazmat,https://i.ibb.co/mhksdrD/c2a13d4a-d178-4bbc-9d03-8308e3ef8987.png,,,,,,,
4580590127364,Action Figures,Anime Figures,Demon Slayer: Kimetsu no Yaiba Nendoroid Swacchao! Zenitsu Agatsuma,New/sealed,2,Auction,20,12-15 oz,,,Not Hazmat,https://i.ibb.co/vPP8sY9/fe774e32-96f3-4e44-a8b4-b52bb33e1dd1.png,,,,,,,
DS000001,Action Figures,Anime Figures,Demon Slayer: Kimetsu no Yaiba Q Posket Makomo (Ver.A),New/sealed,1,Auction,20,12-15 oz,,,Not Hazmat,https://i.ibb.co/ZWTmD4m/7502a7c3-9fce-4442-96f6-88f953543523.png,,,,,,,
4570001954467,Action Figures,Anime Figures,Demon Slayer: Kimetsu no Yaiba Sanemi Shinazugawa Premium Perching Figure,New/sealed,1,Auction,20,12-15 oz,,,Not Hazmat,https://i.ibb.co/W6L7r4V/8b809405-be09-4afa-9f61-3fcaef066924.png,,,,,,,
4580779505419,Action Figures,Anime Figures,Demon Slayer: Kimetsu no Yaiba Shinobu Kocho (Hashira Meeting) Permium Perching Figure,New/sealed,2,Auction,20,12-15 oz,,,Not Hazmat,https://i.ibb.co/wSny6zP/7765f109-b1c8-4366-9d7a-e5127c632c7e.png,,,,,,,
4570001967504,Action Figures,Anime Figures,Demon Slayer: Kimetsu no Yaiba Tengen Uzui (Hashira Meeting Ver.) Premium Perching Figure,New/sealed,1,Auction,20,12-15 oz,,,Not Hazmat,https://i.ibb.co/MCFvYVH/60d6c4d9-da7a-4ccd-86cd-124e95d36143.png,,,,,,,
4570001951480,Action Figures,Anime Figures,Demon Slayer: Kimetsu no Yaiba Tengen Uzui Premium Perching Figure,New/sealed,2,Auction,20,12-15 oz,,,Not Hazmat,https://i.ibb.co/nk5LhvX/68e27dad-dd45-4051-a6f0-8e22606b4309.png,,,,,,,
4570001955778,Action Figures,Anime Figures,Demon Slayer: Kimetsu no Yaiba The Movie: Mugen Train Akaza Super Premium Figure,New/sealed,2,Auction,20,1-2 lbs,,,Not Hazmat,https://i.ibb.co/rkYtVnF/410f1ae6-e32b-4f83-a1b8-b6991ac97d81.png,,,,,,,
DS000007,Action Figures,Anime Figures,Demon Slayer: Kimetsu no Yaiba Vibration Stars Gyutaro,New/sealed,1,Auction,25,1-2 lbs,,,Not Hazmat,https://i.ibb.co/3MJWFT6/90612db8-10b8-40aa-a3e4-12369d2d10c3.png,,,,,,,
4983164180916,Action Figures,Anime Figures,Demon Slayer: Kimetsu no Yaiba Vol.19 Sabito,New/sealed,1,Auction,20,12-15 oz,,,Not Hazmat,https://i.ibb.co/44pc920/ffef8294-9d76-4418-b365-82a1d2a828d3.png,,,,,,,
DS000003,Action Figures,Anime Figures,Demon Slayer: Kimetsu no Yaiba Vol.19 Tanjiro Kamado,New/sealed,3,Auction,20,12-15 oz,,,Not Hazmat,https://i.ibb.co/nRKhYHS/fae681c4-94a1-4ea0-bebf-5fff9a7d3b66.png,,,,,,,
DS000005,Action Figures,Anime Figures,Demon Slayer: Kimetsu No Yaiba Vol.24 Aoi Kanzaki,New/sealed,1,Auction,15,12-15 oz,,,Not Hazmat,https://i.ibb.co/mHyLsZW/00ad81a3-b83f-4f80-bfbd-5af21d0227de.png,,,,,,,
DS000004,Action Figures,Anime Figures,Demon Slayer: Kimetsu no Yaiba Vol.27 Murata,New/sealed,2,Auction,15,12-15 oz,,,Not Hazmat,https://i.ibb.co/54qTGmt/9fee982b-e755-4c29-804a-75f892d58a96.png,,,,,,,
DS000002,Action Figures,Anime Figures,Demon Slayer: Kimetsu no Yaiba Vol.40 Shinobu Kocho Figure,New/sealed,1,Auction,20,12-15 oz,,,Not Hazmat,https://i.ibb.co/TBZYVf0/8cd335b5-0c8e-4cc3-b560-3751d113cac7.png,,,,,,,
4983164199437,Action Figures,Anime Figures,Demon Slayer: Kimetsu no Yaiba Vol.5 Giyu Tomioka,New/sealed,1,Auction,20,12-15 oz,,,Not Hazmat,https://i.ibb.co/qBjSbRC/b8532144-0af6-4b66-b392-cb0ef2ff92f7.png,,,,,,,
4983164199659,Action Figures,Anime Figures,Demon Slayer: Kimetsu no Yaiba Vol.6B Tanjirou Kamado,New/sealed,3,Auction,15,12-15 oz,,,Not Hazmat,https://i.ibb.co/3v5Vfgk/10448934-7056-495e-89c6-c27cc315cd94.png,,,,,,,
4983164162066,Action Figures,Anime Figures,Demon Slayer: Kimetsu no Yaiba Vol.7 Kanao Tsuyuri,New/sealed,1,Auction,20,12-15 oz,,,Not Hazmat,https://i.ibb.co/7RwwfX9/6489e2a1-06ca-4d28-b77f-deed5a660242.png,,,,,,,
4570001945595,Action Figures,Anime Figures,Demon Slayer: Kimetsu no Yaiba Zenitsu Agatsuma Premium Perching Figure,New/sealed,3,Auction,20,12-15 oz,,,Not Hazmat,https://i.ibb.co/bJ3F2v6/bce3cb5b-56ce-43b2-83a6-58436af45b64.png,,,,,,,
4983164187793,Action Figures,Anime Figures,Digimon Adventure DXF Adventure Archives Hikari & Tailmon,New/sealed,1,Auction,25,1-2 lbs,,,Not Hazmat,https://i.ibb.co/syLdL5J/c4784caf-048b-4daf-84f5-0c595d6a654b.png,,,,,,,
4983164187786,Action Figures,Anime Figures,Digimon Adventure DXF Adventure Archives Taichi & Agumon,New/sealed,2,Auction,25,1-2 lbs,,,Not Hazmat,https://i.ibb.co/j8zTHcJ/979031ea-b805-4ee6-b412-5db5ee9acd6a.png,,,,,,,
4983164189766,Action Figures,Anime Figures,Digimon Adventure DXF Adventure Archives Takeru & Patamon,New/sealed,1,Auction,25,1-2 lbs,,,Not Hazmat,https://i.ibb.co/v1wSsbC/9dd3c4fe-6ee7-40a1-b9e9-7ee4c350bfbf.png,,,,,,,
4983164189759,Action Figures,Anime Figures,Digimon Adventure DXF Adventure Archives Yamato & Gabumon,New/sealed,1,Auction,25,1-2 lbs,,,Not Hazmat,https://i.ibb.co/gFcCZh1/dfdf4f64-3271-4c9c-9443-5f24664ea7d7.png,,,,,,,
DB000001,Action Figures,Anime Figures,Dragon Ball Collection Vol.3 Chi-Chi,New/sealed,1,Auction,20,1-2 lbs,,,Not Hazmat,https://i.ibb.co/dJC1fPb/ce8af6c0-8244-4a0f-b8a1-f5a60e5267c4.png,,,,,,,
4983164188530,Action Figures,Anime Figures,Dragon Ball Match Makers King Piccolo,New/sealed,1,Auction,20,1-2 lbs,,,Not Hazmat,https://i.ibb.co/JrfXsKq/2f18d61b-b57c-4eb2-9291-8b8dd47a6706.png,,,,,,,
45557112455,Action Figures,Anime Figures,Dragon Ball Z Goku Figure-rise Standard Lite Model Kit,New/sealed,2,Auction,15,1-2 lbs,,,Not Hazmat,https://i.ibb.co/sg370NM/71-Sn-TK8-PXDL-AC-UF894-1000-QL80.png,,,,,,,
45557112448,Action Figures,Anime Figures,Dragon Ball Z Goku Super Saiyan Figure-rise Standard Lite Model Kit,New/sealed,1,Auction,15,1-2 lbs,,,Not Hazmat,https://i.ibb.co/k2c5Khz/Goku-Super-Saiyan-Figure-rise-Standard-Model-Kit-for-Sale.png,,,,,,,
DBZ00001,Action Figures,Anime Figures,Dragon Ball Z GxMateria Recoome,New/sealed,1,Auction,25,1-2 lbs,,,Not Hazmat,https://i.ibb.co/BjqPgdh/d51af112-6a3a-447a-909a-09c305f2ceee.png,,,,,,,
4573451878611,Action Figures,Anime Figures,"Evangelion - Ayanami Rei - 1/7 - Ver. Radio Eva, Part 2 (Hobby Max)",New/sealed,1,Auction,175,1-2 lbs,,,Not Hazmat,https://i.ibb.co/DKPhq86/1224490-26655.png,,,,,,,
4943209611607,Action Figures,Anime Figures,Evangelion - Ayanami Rei - Dream Tech - 1/7 - Plugsuit Style (Wave),New/sealed,4,Auction,125,1-2 lbs,,,Not Hazmat,https://i.ibb.co/MhPvncx/943603-9f6ce.png,,,,,,,
4573480000144,Action Figures,Anime Figures,Evangelion - Ayanami Rei - Summer Queens - 1/8 (Our Treasure),New/sealed,2,Auction,80,1-2 lbs,,,Not Hazmat,https://i.ibb.co/58Y89n9/870765-a86f0.png,,,,,,,
4573451878475,Action Figures,Anime Figures,Evangelion - Ikari Shinji - 1/7 - Ver. Radio Eva (Hobby Max),New/sealed,1,Auction,100,1-2 lbs,,,Not Hazmat,https://i.ibb.co/qB9hMF2/2790161.png,,,,,,,
4589642712527,Action Figures,Anime Figures,Evangelion - Makinami Mari Illustrious - 1/6 Scale (Union Creative),New/sealed,1,Auction,150,1-2 lbs,,,Not Hazmat,https://i.ibb.co/QmMfhXg/2689791.png,,,,,,,
4571452942454,Action Figures,Anime Figures,Evangelion - Makinami Mari Illustrious - 1/7 - Last Mission (Revolve),New/sealed,1,Auction,150,1-2 lbs,,,Not Hazmat,https://i.ibb.co/BL9tq32/1380620-d0caf.png,,,,,,,
4573480000328,Action Figures,Anime Figures,Evangelion - Makinami Mari Illustrious - Summer Queens - 1/8 - Special Color Ver. (Our Treasure),New/sealed,2,Auction,80,1-2 lbs,,,Not Hazmat,https://i.ibb.co/Qc3kWC9/1150866-b4d95.png,,,,,,,
4573451878451,Action Figures,Anime Figures,Evangelion - Nagisa Kaworu - 1/7 - Ver. Radio Eva (Hobby Max),New/sealed,1,Auction,100,1-2 lbs,,,Not Hazmat,https://i.ibb.co/YTW7Ry5/2790147.png,,,,,,,
4571452941082,Action Figures,Anime Figures,Evangelion - Souryuu Asuka Langley - 1/7 - Last Mission (Revolve),New/sealed,1,Auction,150,1-2 lbs,,,Not Hazmat,https://i.ibb.co/pXKD6CK/1156976-634de.png,,,,,,,
4573451878185,Action Figures,Anime Figures,Evangelion - Souryuu Asuka Langley - 1/7 - Ver. Radio Eva (Hobby Max),New/sealed,1,Auction,125,1-2 lbs,,,Not Hazmat,https://i.ibb.co/d2gCnrt/851375-6c8d0.png,,,,,,,
4573451878543,Action Figures,Anime Figures,"Evangelion - Souryuu Asuka Langley - 1/7 - Ver. Radio Eva, Part 2 (Hobby Max)",New/sealed,1,Auction,175,1-2 lbs,,,Not Hazmat,https://i.ibb.co/vXtNbdC/1224493-d7de2.png,,,,,,,
4570001951527,Action Figures,Anime Figures,Evangelion Asuka (Summer Dress Ver.) PM Figure,New/sealed,2,Auction,25,1-2 lbs,,,Not Hazmat,https://i.ibb.co/P1sdR4N/ad3e9f75-860a-4246-b8d4-c08662da3219.png,,,,,,,
4570001966774,Action Figures,Anime Figures,Evangelion Asuka Shikinami Langley (Last Mission Activate Color) Super Premium Figure,New/sealed,3,Auction,20,12-15 oz,,,Not Hazmat,https://i.ibb.co/xh8vYd8/14e73555-aa20-45e0-91f5-94debfc8add0.png,,,,,,,
4570001955600,Action Figures,Anime Figures,Evangelion Asuka Shikinami Langley Super Premium Figure,New/sealed,2,Auction,25,12-15 oz,,,Not Hazmat,https://i.ibb.co/rKBSdP2/9d246d66-a4cf-489a-917a-90e5e12af6d3.png,,,,,,,
4537807105318,Action Figures,Anime Figures,EVANGELION EVOLUTION EV-23 EVANGELION PRODUCTION MODEL-08 GAMMA,New/sealed,2,Auction,75,1-2 lbs,,,Not Hazmat,https://i.ibb.co/k49BWMH/888-2d292b3f-06b9-4857-9feb-304c835536cf-1200x1200.png,,,,,,,
4535123832567,Action Figures,Anime Figures,Evangelion Gals Series Misato Katsuragi & PenPen,New/sealed,1,Auction,200,1-2 lbs,,,Not Hazmat,https://i.ibb.co/GtZrwH6/a36b8d7a-c38d-4ca2-9926-2e7159dfb12c.png,,,,,,,
4537807105219,Action Figures,Anime Figures,Evangelion Kaiyodo Evolution Unit-08 Beta Temporary Combat Form (Trailer Ver.) Figure,New/sealed,2,Auction,75,1-2 lbs,,,Not Hazmat,https://i.ibb.co/Ms7xbcg/4537807105219-979444a978d46fb20d102e4b288d9ce3-58602-1559289802.png,,,,,,,
4535123832932,Action Figures,Anime Figures,Evangelion Look Up Series Kaworu Nagisa,New/sealed,2,Auction,20,12-15 oz,,,Not Hazmat,https://i.ibb.co/VLNpS6z/216f922d-eaae-4d3d-8f1e-cd8f64718676.png,,,,,,,
4535123832949,Action Figures,Anime Figures,Evangelion Look Up Series Shinji Ikari,New/sealed,2,Auction,20,12-15 oz,,,Not Hazmat,https://i.ibb.co/61Jq8NL/525c8d09-d107-4845-ba79-d1d53330dc42.png,,,,,,,
4580779516736,Action Figures,Anime Figures,Evangelion Luminasta Kaworu Nagisa (Commander Suit Ver.) Figure,New/sealed,2,Auction,25,1-2 lbs,,,Not Hazmat,https://i.ibb.co/QQc7xtT/079d1f19-d932-4231-8a1b-5bb062d4d355.png,,,,,,,
4570001966781,Action Figures,Anime Figures,Evangelion Mari Makinami Illustrious (Last Mission Activate Color) Super Premium Figure,New/sealed,1,Auction,20,12-15 oz,,,Not Hazmat,https://i.ibb.co/pzFCMFr/0b3c811d-679a-46f0-98d6-7de304b23886.png,,,,,,,
4570001959301,Action Figures,Anime Figures,Evangelion Mari Makinami Illustrious (Vignetteum) Super Premium Figure,New/sealed,1,Auction,25,1-2 lbs,,,Not Hazmat,https://i.ibb.co/34RsZ30/fe68bf35-89cd-48ed-9a17-3cfc1f27406a.png,,,,,,,
4580416945141,Action Figures,Anime Figures,Evangelion Pop Up Parade Rei Ayanami (Long Hair Ver.),New/sealed,1,Auction,35,1-2 lbs,,,Not Hazmat,https://i.ibb.co/pjZ9qNQ/572b8c16-7e8a-41ae-b842-39e32c0f14de.png,,,,,,,
4580779501251,Action Figures,Anime Figures,Evangelion Rei Ayanami (Hand Over) Super Premium Figure,New/sealed,2,Auction,25,1-2 lbs,,,Not Hazmat,https://i.ibb.co/2nBcL54/5c635aab-cb8d-4a82-be36-bb49c13dca2a.png,,,,,,,
4580779503002,Action Figures,Anime Figures,Evangelion Rei Ayanami (Long Hair Ver.) Super Premium Figure,New/sealed,1,Auction,25,1-2 lbs,,,Not Hazmat,https://i.ibb.co/QbXG1Gx/2572f1ac-a684-4f58-b600-ffde852d896a.png,,,,,,,
4535123831171,Action Figures,Anime Figures,Evangelion: Q - Ayanami Rei (tentative name) - G.E.M. (MegaHouse),New/sealed,1,Auction,150,1-2 lbs,,,Not Hazmat,https://i.ibb.co/3f5nrkD/1126662-d9889.png,,,,,,,
4580416945455,Action Figures,Anime Figures,"Fate/Extella Link - Altria Pendragon - 1/7 - Knight's PE Uniform Ver., [AQ] (Good Smile Company)",New/sealed,1,Auction,100,1-2 lbs,,,Not Hazmat,https://i.ibb.co/V3bQb1J/806084-d5b00.png,,,,,,,
4580590128231,Action Figures,Anime Figures,Hatsune  Miku Nendoroid Racing Miku: 2022 Ver.,New/sealed,1,Auction,70,1-2 lbs,,,Not Hazmat,https://i.ibb.co/Xkj1VKR/04-2203040848341485-1200x1200.png,,,,,,,
4580779501152,Action Figures,Anime Figures,Hatsune Miku (15th Anniversary KEI Ver.) Super Premium Figure,New/sealed,1,Auction,25,1-2 lbs,,,Not Hazmat,https://i.ibb.co/J3Nshp8/c1ad2083-b766-4b3f-8d51-814a95d1b133.png,,,,,,,
4580779511250,Action Figures,Anime Figures,Hatsune Miku (2022 Christmas Ver.) Super Premium Figure,New/sealed,2,Auction,25,1-2 lbs,,,Not Hazmat,https://i.ibb.co/gV5nzvk/22296cb7-815a-4ec4-91f3-e80be840632e.png,,,,,,,
662248839127,Action Figures,Anime Figures,Hatsune Miku (3rd Season Autumn Ver.) Figure,New/sealed,2,Auction,25,1-2 lbs,,,Not Hazmat,https://i.ibb.co/bBkfpY8/998275-e47b6.png,,,,,,,
662248839103,Action Figures,Anime Figures,Hatsune Miku (3rd Season Spring Ver.) Figure,New/sealed,2,Auction,25,1-2 lbs,,,Not Hazmat,https://i.ibb.co/5KXnNKv/912961-09ab7.png,,,,,,,
662248839110,Action Figures,Anime Figures,Hatsune Miku (3rd Season Summer Ver.) Figure,New/sealed,2,Auction,25,1-2 lbs,,,Not Hazmat,https://i.ibb.co/y4kK2xN/947286-32a74.png,,,,,,,
4580779503613,Action Figures,Anime Figures,Hatsune Miku (Christmas 2020 Blue Ver.) Super Premium Figure,New/sealed,2,Auction,25,1-2 lbs,,,Not Hazmat,https://i.ibb.co/0ZxgkmN/a7274b1c-a118-4608-9857-f54faad29f89.png,,,,,,,
4580736402553,Action Figures,Anime Figures,Hatsune Miku (Flower Fairy Nemophila Ver.) Noodle Stopper Figure,New/sealed,2,Auction,25,1-2 lbs,,,Not Hazmat,https://i.ibb.co/XWhht1C/73473d98-b0ad-4cb1-81e4-f3a32fd08150.png,,,,,,,
4580736400696,Action Figures,Anime Figures,Hatsune Miku (Love Sailor) Noodle Stopper Figure,New/sealed,1,Auction,25,12-15 oz,,,Not Hazmat,https://i.ibb.co/f0zL1GZ/a3cacbed-6d5d-480e-a0df-8c9d68b37cb2.png,,,,,,,
MIKU00001,Action Figures,Anime Figures,Hatsune Miku (Rapunzel Ver.) Wonderland Figure,New/sealed,1,Auction,25,1-2 lbs,,,Not Hazmat,https://i.ibb.co/QkNyV4g/63ca8ccf-50ee-458f-885d-5a408b40825a.png,,,,,,,
4580736401655,Action Figures,Anime Figures,Hatsune Miku (Villain Color Variation Ver.) Noodle Stopper Figure,New/sealed,1,Auction,25,1-2 lbs,,,Not Hazmat,https://i.ibb.co/xz1m4cx/987e3199-2352-423e-9132-7dee4ccc06eb.png,,,,,,,
4580779506492,Action Figures,Anime Figures,Hatsune Miku (Winter 2022) Super Premium Figure,New/sealed,2,Auction,25,1-2 lbs,,,Not Hazmat,https://i.ibb.co/106CRcP/b453ac1b-3e37-4009-b7df-bbc863f59f68.png,,,,,,,
MIKU00002,Action Figures,Anime Figures,Hatsune Miku Artist MasterPiece (Princess Alice Ver.) Prize Figure,New/sealed,1,Auction,25,1-2 lbs,,,Not Hazmat,https://i.ibb.co/0Kq4W0c/f87d404a-e7fd-4199-a1d7-949d48945839.png,,,,,,,
4580779530756,Action Figures,Anime Figures,Hatsune Miku Luminasta (16th Anniversary KEI Ver.) Figure,New/sealed,1,Auction,25,12-15 oz,,,Not Hazmat,https://i.ibb.co/KzTKq1J/770d5106-be36-4f86-badf-1642ba73c6a9.png,,,,,,,
4580779525486,Action Figures,Anime Figures,Hatsune Miku Luminasta (Live Audience) Figure,New/sealed,2,Auction,25,1-2 lbs,,,Not Hazmat,https://i.ibb.co/yy1kx4K/63ff8ab3-e4ab-4fb1-9ce2-b7e40aefaad5.png,,,,,,,
4580590126138,Action Figures,Anime Figures,Hatsune Miku Nendoroid No.1714 Mikudayo (10th Anniversary Ver.),New/sealed,1,Auction,45,1-2 lbs,,,Not Hazmat,https://i.ibb.co/N1S2ypb/d55b07a2-cfec-42dd-8a54-7520b35595de.png,,,,,,,
4580590127401,Action Figures,Anime Figures,Hatsune Miku Nendoroid No.1777 Hatsune Miku (Maneki Miku Ver.),New/sealed,1,Auction,65,1-2 lbs,,,Not Hazmat,https://i.ibb.co/Kz3nqw8/d717ff0a-67df-45bc-85fc-05ea83aeb545.png,,,,,,,
4580590126190,Action Figures,Anime Figures,Hatsune Miku NT Nendoroid No.1701,New/sealed,1,Auction,60,1-2 lbs,,,Not Hazmat,https://i.ibb.co/NW56GKq/d24f1e5e-5ecf-411d-af30-265defecfb7f.png,,,,,,,
MIKU00003,Action Figures,Anime Figures,Hatsune Miku Princess Artist MasterPiece (Arabian Ver.) Figure,New/sealed,2,Auction,25,1-2 lbs,,,Not Hazmat,https://i.ibb.co/TW2pGKJ/90fd1bc6-5ef4-4392-ae4c-4e38e83b8ca9.png,,,,,,,
4580779526087,Action Figures,Anime Figures,Hatsune Miku Project DIVA Arcade Future Tone (Pierretta) Super Premium Figure,New/sealed,2,Auction,25,1-2 lbs,,,Not Hazmat,https://i.ibb.co/YW9v64T/83922460-b963-4646-a397-b302c5459f4e.png,,,,,,,
4580779529538,Action Figures,Anime Figures,Hatsune Miku Project DIVA MEGA 39's Luminasta Hatsune Miku (Supreme) Figure,New/sealed,1,Auction,25,12-15 oz,,,Not Hazmat,https://i.ibb.co/9TSSJq4/2a86b32d-cf93-4f06-9b08-21c562ac713b.png,,,,,,,
4589584954887,Action Figures,Anime Figures,Hatsune Miku SweetsSweets Series (Chocolate Mint Ver.) Figure,New/sealed,1,Auction,25,1-2 lbs,,,Not Hazmat,https://i.ibb.co/Lv7kL9s/139d541f-e382-4002-98ec-18201fde28b3.png,,,,,,,
4580736400580,Action Figures,Anime Figures,Hatsune Miku SweetSweets Series (Strawberry Chocolate Short Ver.) Figure,New/sealed,2,Auction,25,1-2 lbs,,,Not Hazmat,https://i.ibb.co/k27y1C9/892d9db4-820c-4863-baca-a2e1e5dec130.png,,,,,,,
HELL00001,Action Figures,Anime Figures,Hell's Paradise Vibration Stars Yamada Asaemon Fuchi,New/sealed,1,Auction,20,12-15 oz,,,Not Hazmat,https://i.ibb.co/kBfWz82/1ecc63a5-860c-413e-8c37-2ecdc2f9a648.png,,,,,,,
4580779536680,Action Figures,Anime Figures,Hell's Paradise: Jigokuraku Luminasta Yamada Asaemon Sagiri Figure,New/sealed,1,Auction,25,1-2 lbs,,,Not Hazmat,https://i.ibb.co/Mk91GMT/3a2b47b9-1b4d-4fd9-af21-56b146f371a1.png,,,,,,,
HOLO00001,Action Figures,Anime Figures,Hololive #hololive IF Relax time Oozora Subaru (School Style Ver.),New/sealed,1,Auction,25,1-2 lbs,,,Not Hazmat,https://i.ibb.co/vc5YtK5/3e6683bd-3686-40b8-8d7c-546f0faaeae4.png,,,,,,,
4580590127913,Action Figures,Anime Figures,Hololive Nendoroid No.1823 Usada Pekora,New/sealed,1,Auction,55,1-2 lbs,,,Not Hazmat,https://i.ibb.co/c1x1YcG/8e5c5043-8e0c-4a30-93a6-03b25ebe1095.png,,,,,,,
4545784043257,Action Figures,Anime Figures,Hololive Production Pop Up Parade Usada Pekora,New/sealed,2,Auction,45,1-2 lbs,,,Not Hazmat,https://i.ibb.co/TBfMPCZ/ff17d35f-4d31-42c4-a6f7-78be50b66fb1.png,,,,,,,
4983164185157,Action Figures,Anime Figures,Hololive Production Relax Time Houshou Marine,New/sealed,2,Auction,25,1-2 lbs,,,Not Hazmat,https://i.ibb.co/HTpz9J7/0f36f343-878c-48d6-bb32-59d3e89f2884.png,,,,,,,
4983164187014,Action Figures,Anime Figures,Hololive Production Relax time Shirakami Fubuki Figure,New/sealed,1,Auction,25,1-2 lbs,,,Not Hazmat,https://i.ibb.co/C8BfRGL/c275f6d5-fcc3-488f-a2c4-2b6bc26ed9e8.png,,,,,,,
HXH00001,Action Figures,Anime Figures,Hunter x Hunter Q Posket Kurapika (Ver. B),New/sealed,1,Auction,20,12-15 oz,,,Not Hazmat,https://i.ibb.co/Sm5q4JV/1beea420-4d82-4c6b-9f90-49b1b5328e6a.png,,,,,,,
HXH00002,Action Figures,Anime Figures,Hunter x Hunter Vibration Stars Kurapika,New/sealed,1,Auction,20,12-15 oz,,,Not Hazmat,https://i.ibb.co/Yb1LQsX/1918f185-7b81-4118-bcbb-68bf581e7d0e.png,,,,,,,
840342400621,Action Figures,Anime Figures,Hyouka Eru Chitanda Coreful Figure,New/sealed,1,Auction,25,1-2 lbs,,,Not Hazmat,https://i.ibb.co/37J79HW/54159d87-fec4-4cdc-9ed2-611cab521fa2.png,,,,,,,
4535123831263,Action Figures,Anime Figures,Jujutsu Kaisen Gojo Satoru 1/8 Scale Figure,New/sealed,1,Auction,95,1-2 lbs,,,Not Hazmat,https://i.ibb.co/ctpp01D/8c2a5ca3-a6a8-498c-b912-1762ba2c18aa.png,,,,,,,
4983164187304,Action Figures,Anime Figures,Jujutsu Kaisen Jukon No Kata Satoru Gojo,New/sealed,1,Auction,20,12-15 oz,,,Not Hazmat,https://i.ibb.co/VQvTWhx/616662bd-a471-4655-93b0-4535804f0644.png,,,,,,,
4983164188806,Action Figures,Anime Figures,Jujutsu Kaisen Maximatic The Yuji Itadori,New/sealed,1,Auction,25,1-2 lbs,,,Not Hazmat,https://i.ibb.co/dr5pkjP/68da2afa-7662-4321-8c51-145eaa431f9a.png,,,,,,,
4580736401846,Action Figures,Anime Figures,Kagamine Len Toonize Figure,New/sealed,1,Auction,15,1-2 lbs,,,Not Hazmat,https://i.ibb.co/88hyC7t/99927355-4b79-4545-8f31-a22421fb29d5.png,,,,,,,
4580736401839,Action Figures,Anime Figures,Kagamine Rin Toonize Figure,New/sealed,1,Auction,15,1-2 lbs,,,Not Hazmat,https://i.ibb.co/rmmYGwG/0904870a-5d18-4355-b6ec-0d28c03ab031.png,,,,,,,
4983164187632,Action Figures,Anime Figures,Kaguya-sama: Love Is War Kyunties Kaguya Shinomiya (Seaside Ver.) Figure,New/sealed,2,Auction,20,12-15 oz,,,Not Hazmat,https://i.ibb.co/SsPGqTS/6baf479a-6483-402a-b930-93bd9136d418.png,,,,,,,
4983164182897,Action Figures,Anime Figures,Kaguya-sama: Love Is War Kyunties Kaguya Shinomiya Figure,New/sealed,4,Auction,20,12-15 oz,,,Not Hazmat,https://i.ibb.co/qr1LmTS/a5a30cfb-e346-4613-bbf9-a146c0d0a344.png,,,,,,,
4983164868227,Action Figures,Anime Figures,Kamen Rider Black Hero's Brave Statue Figure Kamen Rider Black,New/sealed,1,Auction,20,1-2 lbs,,,Not Hazmat,https://i.ibb.co/GnB20zC/48b11a42-eab1-43d4-bc88-ed74cc3bf09c.png,,,,,,,
4580779536154,Action Figures,Anime Figures,Link! Like! Love Live! Desktop x Decorate Collections Megumi Fujishima Figure,New/sealed,1,Auction,20,12-15 oz,,,Not Hazmat,https://i.ibb.co/G9dz7TH/4e20dfa9-b5b8-4af8-9928-eccc03675c4e.png,,,,,,,
LOVE00001,Action Figures,Anime Figures,Love Live! Sunshine!! - Takami Chika - Super Special Series - Mijuku Dreamer (FuRyu),New/sealed,1,Auction,10,1-2 lbs,,,Not Hazmat,https://i.ibb.co/pvPzyhN/712037-8f2c9.png,,,,,,,
LOVE00002,Action Figures,Anime Figures,Love Live! Sunshine!! - Tsushima Yoshiko - EXQ Figure (Banpresto),New/sealed,1,Auction,15,1-2 lbs,,,Not Hazmat,https://i.ibb.co/KyTncfH/581581-b5aeb.png,,,,,,,
VSNG00001,Action Figures,Anime Figures,Luo TianYi (Lollypop Ver.) Noodle Stopper Figure,New/sealed,1,Auction,25,1-2 lbs,,,Not Hazmat,https://i.ibb.co/Gkjtkg8/4dcfb737-4153-4603-8559-123626d67f1c.png,,,,,,,
4983164867756,Action Figures,Anime Figures,Mobile Suit Gundam: The Witch from Mercury Suletta Mercury (Season 2 Ending Ver.) Figure,New/sealed,2,Auction,20,12-15 oz,,,Not Hazmat,https://i.ibb.co/Lk9h9Zp/f755595c-6272-41e9-b503-efd81ffd17b1.png,,,,,,,
HERO00004,Action Figures,Anime Figures,My Hero Academia Age of Heroes Denki Kaminari,New/sealed,3,Auction,20,12-15 oz,,,Not Hazmat,https://i.ibb.co/375SFtb/4cb503ee-ab45-4c75-82cc-889c04a0db3f.png,,,,,,,
HERO00002,Action Figures,Anime Figures,My Hero Academia Age of Heroes Present Mic,New/sealed,2,Auction,20,12-15 oz,,,Not Hazmat,https://i.ibb.co/d6t6bRR/5785444c-3fe3-4c0e-b0ff-e3c34903e383.png,,,,,,,
HERO00001,Action Figures,Anime Figures,My Hero Academia Age of Heroes Shoto Todoroki (Ver.2),New/sealed,1,Auction,20,12-15 oz,,,Not Hazmat,https://i.ibb.co/8X25Fqj/165905ff-9a1b-4c99-a6b0-49b0b7e4d51e.png,,,,,,,
4983164161250,Action Figures,Anime Figures,My Hero Academia Age of Heroes Vol.7 Endeavor,New/sealed,1,Auction,20,1-2 lbs,,,Not Hazmat,https://i.ibb.co/1XkzYtD/4be7b2cb-90b9-485d-8fa5-142ae9ce09b7.png,,,,,,,
4983164180381,Action Figures,Anime Figures,My Hero Academia Banpresto Chronicle Super Master Stars Izuku Midoriya,New/sealed,1,Auction,30,1-2 lbs,,,Not Hazmat,https://i.ibb.co/FBddq6H/ba386401-b3d8-48f6-826f-912d3720f1ba.png,,,,,,,
4983164183696,Action Figures,Anime Figures,My Hero Academia Bravegraph #1 Vol.1 Izuku Midoriya,New/sealed,1,Auction,20,12-15 oz,,,Not Hazmat,https://i.ibb.co/MfPw6Pm/b6841ea5-a767-49ea-a588-6fea7c154abc.png,,,,,,,
4983164184433,Action Figures,Anime Figures,My Hero Academia Bravegraph #1 Vol.2 Shoto Todoroki,New/sealed,3,Auction,15,12-15 oz,,,Not Hazmat,https://i.ibb.co/cC94fWr/30bf45b8-40b8-4398-a66e-29e221319744.png,,,,,,,
4983164185355,Action Figures,Anime Figures,My Hero Academia Bravegraph #1 Vol.3 Katsuki Bakugo,New/sealed,2,Auction,15,12-15 oz,,,Not Hazmat,https://i.ibb.co/bPtxTrT/06c4f515-ea02-4a4e-bf3f-1023a416b809.png,,,,,,,
4983164189339,Action Figures,Anime Figures,My Hero Academia Break Time Collection Vol.3 Shoto Todoroki,New/sealed,2,Auction,20,12-15 oz,,,Not Hazmat,https://i.ibb.co/DC4GZfT/6f88b91b-8924-484a-8e4c-c823f50cdbe1.png,,,,,,,
4983164182606,Action Figures,Anime Figures,My Hero Academia Chronicle Figure Academy Vol.4 Tomura Shigaraki,New/sealed,1,Auction,25,1-2 lbs,,,Not Hazmat,https://i.ibb.co/VTJ63yS/c63ec9ca-3e98-403d-9ce4-3e2171674f8a.png,,,,,,,
4983164180381,Action Figures,Anime Figures,My Hero Academia Chronicle Modeling Academy Vol.1 Izuku Midoriya,New/sealed,2,Auction,25,1-2 lbs,,,Not Hazmat,https://i.ibb.co/Z8vFjct/29e05e81-ca79-4edb-bc51-59a57c785e63.png,,,,,,,
HERO000006,Action Figures,Anime Figures,My Hero Academia The Amazing Heroes Plus Vol.3 Endeavor,New/sealed,1,Auction,20,1-2 lbs,,,Not Hazmat,https://i.ibb.co/yVPFdYv/7e291b42-945c-471f-821d-56bcf6d43e85.png,,,,,,,
4983164186161,Action Figures,Anime Figures,My Hero Academia The Amazing Heroes Special Izuku Midoriya,New/sealed,1,Auction,20,12-15 oz,,,Not Hazmat,https://i.ibb.co/TM1N5sn/710ddc9d-49c3-4d50-88cf-e07e67953abd.png,,,,,,,
4983164186178,Action Figures,Anime Figures,My Hero Academia The Amazing Heroes Special Katsuki Bakugo,New/sealed,1,Auction,20,12-15 oz,,,Not Hazmat,https://i.ibb.co/4gjm34F/23d90c79-81e2-4133-8cd3-1d371b29a8b8.png,,,,,,,
4983164186185,Action Figures,Anime Figures,My Hero Academia The Amazing Heroes Special Shoto Todoroki,New/sealed,2,Auction,20,12-15 oz,,,Not Hazmat,https://i.ibb.co/QQKQMnw/e677745e-f6c3-4f83-abb8-33d04b2277ac.png,,,,,,,
4983164188479,Action Figures,Anime Figures,My Hero Academia The Amazing Heroes Vol. 18 Hitoshi Shinso,New/sealed,1,Auction,20,12-15 oz,,,Not Hazmat,https://i.ibb.co/Mpp7yp5/95e8f1be-cd57-497b-a128-3d7ec2397788.png,,,,,,,
4983164182941,Action Figures,Anime Figures,My Hero Academia The Amazing Heroes Vol.16 Lemillion (Mirio Togata),New/sealed,1,Auction,20,12-15 oz,,,Not Hazmat,https://i.ibb.co/qBDFzLZ/6453b939-2ec9-4c7e-954d-038cdc15f5dc.png,,,,,,,
4983164187335,Action Figures,Anime Figures,My Hero Academia The Amazing Heroes Vol.17 Kirishima,New/sealed,3,Auction,20,12-15 oz,,,Not Hazmat,https://i.ibb.co/xhVFqTB/99e885f5-d86c-452b-97c0-6dd990469ad2.png,,,,,,,
HERO00005,Action Figures,Anime Figures,My Hero Academia The Amazing Heroes Vol.29 Shoto Todoroki,New/sealed,1,Auction,20,12-15 oz,,,Not Hazmat,https://i.ibb.co/HFbK0Lj/c779b49d-2dce-418a-8e8b-b8d4be4e3977.png,,,,,,,
HERO00003,Action Figures,Anime Figures,My Hero Academia The Evil Villains Vol.4 Tomura Shigaraki,New/sealed,1,Auction,20,12-15 oz,,,Not Hazmat,https://i.ibb.co/p4hsWbz/bb36fc4d-4c0f-4287-8e79-541f8a80d93c.png,,,,,,,
4983164179637,Action Figures,Anime Figures,My Hero Academia: World Heroes' Mission The Amazing Heroes Katsuki Bakugo,New/sealed,1,Auction,15,12-15 oz,,,Not Hazmat,https://i.ibb.co/6PhstFw/99ab9bfa-f551-4650-a2b2-1c76fd7c604e.png,,,,,,,
4983164187656,Action Figures,Anime Figures,My Teen Romantic Comedy Snafu Climax Kyunties Iroha Isshiki Figure,New/sealed,1,Auction,20,12-15 oz,,,Not Hazmat,https://i.ibb.co/9b1Qw6Z/18e896db-b18f-4e39-a32c-a2b1d09d99ac.png,,,,,,,
4589691196675,Action Figures,Anime Figures,My Teen Romantic Comedy SNAFU Too! Iroha Isshiki (Swimsuit Ver.) 1/6 Scale Figure,New/sealed,1,Auction,125,1-2 lbs,,,Not Hazmat,https://i.ibb.co/jyT25s1/946233-4d4c7.png,,,,,,,
4983164180305,Action Figures,Anime Figures,Naruto: Shippuden Grandista Manga Dimensions Sasuke Uchiha,New/sealed,1,Auction,50,1-2 lbs,,,Not Hazmat,https://i.ibb.co/tmnYfgw/cbc9ce4b-9f5c-4e70-a64c-7763f2a2e7e4.png,,,,,,,
4983164187663,Action Figures,Anime Figures,Naruto: Shippuden Vibration Stars Itachi Uchiha II,New/sealed,1,Auction,20,1-2 lbs,,,Not Hazmat,https://i.ibb.co/YZThc71/65b57ae0-4248-4753-8faa-0bf7e136e9ca.png,,,,,,,
4983164184440,Action Figures,Anime Figures,Naruto: Shippuden Vibration Stars Minato Namikaze,New/sealed,1,Auction,20,1-2 lbs,,,Not Hazmat,https://i.ibb.co/31S84k7/cf17652b-beff-4685-b8ca-2c20e941f317.png,,,,,,,
4983164868050,Action Figures,Anime Figures,Naruto: Shippuden Vibration Stars Obito Uchiha II,New/sealed,1,Auction,25,1-2 lbs,,,Not Hazmat,https://i.ibb.co/P5F2v7X/73289fae-c4ae-4ee1-a059-e4b7df73fe5b.png,,,,,,,
4580590127906,Action Figures,Anime Figures,Darling in the Franxx Nendoroid Zero Two: Childhood Ver.,New/sealed,2,Auction,55,1-2 lbs,,,Not Hazmat,https://i.ibb.co/98HXj9k/01-220216101737293-1200x1200.png,,,,,,,
OP00017,Action Figures,Anime Figures,One Piece - Nami - DX Girls Snap Collection - Vol. 3 (Banpresto),New/sealed,1,Auction,25,1-2 lbs,,,Not Hazmat,https://i.ibb.co/mzKx4SB/72557-a33cd.png,,,,,,,
OP00018,Action Figures,Anime Figures,One Piece - Nico Robin - DX Girls Snap Collection - Vol. 3 (Banpresto),New/sealed,1,Auction,25,1-2 lbs,,,Not Hazmat,https://i.ibb.co/T4qPdFK/63096-63734.png,,,,,,,
4983164180374,Action Figures,Anime Figures,One Piece Banpresto Chronicle Master Stars Piece Sabo,New/sealed,1,Auction,25,1-2 lbs,,,Not Hazmat,https://i.ibb.co/cJ4K7jd/6e09f0e9-fcc3-4326-99e2-8216491c978f.png,,,,,,,
OP00012,Action Figures,Anime Figures,One Piece DXF Grandline Men Wano Country Vol.4 Kin'emon,New/sealed,1,Auction,20,12-15 oz,,,Not Hazmat,https://i.ibb.co/XbZnJKk/8990a6d5-3fae-45e3-ac8c-2cb46875a7b4.png,,,,,,,
OP00015,Action Figures,Anime Figures,One Piece DXF The Grandline Extra King,New/sealed,1,Auction,25,1-2 lbs,,,Not Hazmat,https://i.ibb.co/MM1mXsN/d56dec16-15d7-4c66-8a6c-3a195ad474b8.png,,,,,,,
OP00011,Action Figures,Anime Figures,One Piece DXF The Grandline Lady Wano Country Vol.10 Wanda,New/sealed,1,Auction,20,12-15 oz,,,Not Hazmat,https://i.ibb.co/jJ2BTVc/21474f98-84f6-4545-9584-fc5425f7e923.png,,,,,,,
OP00010,Action Figures,Anime Figures,One Piece DXF The Grandline Lady Wano Country Vol.11 Ulti,New/sealed,1,Auction,20,12-15 oz,,,Not Hazmat,https://i.ibb.co/T8mpQ4Z/3b5eb2de-45f7-4c76-a289-caae956e2c9e.png,,,,,,,
OP00013,Action Figures,Anime Figures,One Piece DXF The Grandline Lady Wano Country Vol.4 Kozuki Hiyori,New/sealed,1,Auction,20,12-15 oz,,,Not Hazmat,https://i.ibb.co/Jr9C8B9/ef24cc62-94c2-4f8c-b7fd-45a1ade163c9.png,,,,,,,
OP00002,Action Figures,Anime Figures,One Piece DXF The Grandline Lady Wano Country Vol.9 Carrot,New/sealed,1,Auction,20,12-15 oz,,,Not Hazmat,https://i.ibb.co/5r42DXr/91a08f41-4232-40e8-bae9-a09b00544477.png,,,,,,,
OP00014,Action Figures,Anime Figures,One Piece DXF The Grandline Men Extra Denjiro,New/sealed,1,Auction,20,1-2 lbs,,,Not Hazmat,https://i.ibb.co/s2qCNvS/647d6fdf-f27e-4ea8-8d52-9c4ecd7ce94b.png,,,,,,,
4983164179798,Action Figures,Anime Figures,One Piece DXF The Grandline Men Wano Country Vol.15 Eustass Kid,New/sealed,1,Auction,20,12-15 oz,,,Not Hazmat,https://i.ibb.co/qBC2nnn/51bdfded-33d0-499d-aae3-4672cb0c8d0c.png,,,,,,,
OP00018,Action Figures,Anime Figures,One Piece DXF The Grandline Men Wano Country Vol.17 Killer,New/sealed,1,Auction,20,12-15 oz,,,Not Hazmat,https://i.ibb.co/Sf4zvRK/6b5c9b18-b4c7-424f-9e1d-c0b5dc49face.png,,,,,,,
OP00006,Action Figures,Anime Figures,One Piece DXF The Grandline Men Wano Country Vol.24 Monkey D. Luffy,New/sealed,1,Auction,20,12-15 oz,,,Not Hazmat,https://i.ibb.co/gZnNpZh/12bb2e9e-34d6-4f07-9b54-4567e859f90d.png,,,,,,,
OP00003,Action Figures,Anime Figures,One Piece DXF The Grandline Men Wano Country Vol.26 Izou,New/sealed,1,Auction,20,12-15 oz,,,Not Hazmat,https://i.ibb.co/NCb4HnY/a3bbfd06-e5eb-47c9-b9cf-9c23e956a79c.png,,,,,,,
4983164872392,Action Figures,Anime Figures,One Piece DXF The Grandline Series Stussy,New/sealed,1,Auction,20,12-15 oz,,,Not Hazmat,https://i.ibb.co/7vLmWQm/90761b43-10c1-4578-8aa2-0ff88588536b.png,,,,,,,
4983164190656,Action Figures,Anime Figures,One Piece Film: Red DXF The Grandline Men Vol. 7 Usopp,New/sealed,1,Auction,20,12-15 oz,,,Not Hazmat,https://i.ibb.co/Fs6pC54/745f1c07-f1b8-4118-b633-3d510a7fa750.png,,,,,,,
OP00009,Action Figures,Anime Figures,One Piece Film: Red DXF The Grandline Men Vol.10 Trafalgar D. Law,New/sealed,1,Auction,20,12-15 oz,,,Not Hazmat,https://i.ibb.co/hBk2Ks1/f8f743bb-c33f-4867-b59a-8a7b434a869d.png,,,,,,,
OP00008,Action Figures,Anime Figures,One Piece Film: Red DXF The Grandline Men Vol.11 Bartolomeo,New/sealed,1,Auction,20,12-15 oz,,,Not Hazmat,https://i.ibb.co/kKY3fXp/722989d2-e440-497a-a378-15bebc5a16f4.png,,,,,,,
OP00016,Action Figures,Anime Figures,One Piece Film: Red DXF The Grandline Men Vol.5 Sunny-Kun Figure,New/sealed,1,Auction,25,12-15 oz,,,Not Hazmat,https://i.ibb.co/t8pv05q/51f0f58c-9a63-499e-a76f-5a2db62ced58.png,,,,,,,
4983164190649,Action Figures,Anime Figures,One Piece Film: Red DXF The Grandline Men Vol.6 Monkey D. Luffy Figure,New/sealed,1,Auction,20,12-15 oz,,,Not Hazmat,https://i.ibb.co/wsmVNxs/92b74793-3f38-44fe-8466-e16f43ffcd38.png,,,,,,,
OP00004,Action Figures,Anime Figures,One Piece Film: Red DXF The Grandline Series Helmeppo,New/sealed,1,Auction,20,12-15 oz,,,Not Hazmat,https://i.ibb.co/Q6NPrsv/d1c52d0c-3a2b-4e44-9f9c-0ea794c198a5.png,,,,,,,
OP00007,Action Figures,Anime Figures,One Piece Film: Red DXF The Grandline Series Koby,New/sealed,1,Auction,20,12-15 oz,,,Not Hazmat,https://i.ibb.co/gdS75pQ/9ad9d0d3-d9c8-4c02-a09d-4c148e1e1a75.png,,,,,,,
OP00005,Action Figures,Anime Figures,One Piece Film: Red DXF The Grandline Series Uta,New/sealed,1,Auction,20,12-15 oz,,,Not Hazmat,https://i.ibb.co/0G4kRbt/58600a78-58bc-4883-8f8d-219a651582f9.png,,,,,,,
OP00001,Action Figures,Anime Figures,One Piece Film: Red Senkozekkei Shanks,New/sealed,1,Auction,20,12-15 oz,,,Not Hazmat,https://i.ibb.co/DtfXdyh/e8aa1433-d628-4703-bf5f-e37bc75d05ec.png,,,,,,,
4983164868142,Action Figures,Anime Figures,One Piece It's A Banquet!! Nami,New/sealed,1,Auction,25,1-2 lbs,,,Not Hazmat,https://i.ibb.co/Ct1Rdw7/0b1d4091-0a3c-4fc7-8a88-288597b2f9ad.png,,,,,,,
4983164872842,Action Figures,Anime Figures,One Piece King of Artist The Monkey D. Luffy (Special Ver. A),New/sealed,1,Auction,25,1-2 lbs,,,Not Hazmat,https://i.ibb.co/c8JbBqV/104a8a44-6ae9-4c30-914c-e73e5403d67a.png,,,,,,,
4983164872842,Action Figures,Anime Figures,One Piece King of Artist The Monkey D. Luffy (Special Ver. B),New/sealed,1,Auction,25,1-2 lbs,,,Not Hazmat,https://i.ibb.co/SR7PBdW/2976d419-a79d-4e34-a2a6-09607dc1e371.png,,,,,,,
4983164163094,Action Figures,Anime Figures,One Piece Magazine Figure A Piece of Dream No.1 Vol.2 Sabo,New/sealed,1,Auction,20,1-2 lbs,,,Not Hazmat,https://i.ibb.co/yXMhjJ4/b2d07a48-135b-4438-ab53-bd7ef909c04e.png,,,,,,,
4983164871753,Action Figures,Anime Figures,One Piece World Collectable Figure Log Stories Monkey D. Luffy,New/sealed,1,Auction,20,12-15 oz,,,Not Hazmat,https://i.ibb.co/593bqbR/a48ba6f5-b374-4a39-90e2-9b624e3a51f6.png,,,,,,,
4983164870374,Action Figures,Anime Figures,One Piece World Collectable Figure Log Stories Monkey D. Luffy vs. Arlong,New/sealed,1,Auction,20,12-15 oz,,,Not Hazmat,https://i.ibb.co/cvK1kVv/a1926e54-9dce-4869-b893-a925a8241a0b.png,,,,,,,
4983164868159,Action Figures,Anime Figures,One Piece World Collectable Figure Log Stories Sanji & Zeff 2,New/sealed,1,Auction,20,12-15 oz,,,Not Hazmat,https://i.ibb.co/F0YtgCT/3d1ba48d-01c6-4a54-8604-65c73e449d42.png,,,,,,,
4983164868388,Action Figures,Anime Figures,Oshi no Ko Ruby (Plain Clothes) Figure,New/sealed,1,Auction,20,12-15 oz,,,Not Hazmat,https://i.ibb.co/XtssZxg/7a1ecbee-70a9-4e8c-b9eb-3d79ec5e7a54.png,,,,,,,
MADO00001,Action Figures,Anime Figures,Puella Magi Madoka Magica: The Movie Rebellion Serenus Couture Homura Akemi,New/sealed,1,Auction,20,1-2 lbs,,,Not Hazmat,https://i.ibb.co/VTqmDrf/4e0b50a9-9b0b-4918-b200-029e1daf807b.png,,,,,,,
RSCL00001,Action Figures,Anime Figures,Rascal Does Not Dream of Bunny Girl Sakurajima Mai (Uniform Bunny Ver.) Coreful Figure,New/sealed,1,Auction,25,1-2 lbs,,,Not Hazmat,https://i.ibb.co/yhQYPMB/d869b04f-d105-4d05-b8b0-b433d59c4e4d.png,,,,,,,
4935228529148,Action Figures,Anime Figures,Rascal Does Not Dream of Bunny Girl Senpai KD Colle Light Mai Sakurajima (Bunny Ver.) Figure,New/sealed,2,Auction,30,12-15 oz,,,Not Hazmat,https://i.ibb.co/CvgjJWD/f8602455-0316-4b52-a6d7-d56091cdc842.png,,,,,,,
REZE00001,Action Figures,Anime Figures,Re:ZERO -Starting Life in Another World- Serenus couture-RAM-,New/sealed,1,Auction,20,1-2 lbs,,,Not Hazmat,https://i.ibb.co/qy70fmF/9a90daf9-0a20-4399-a6ed-2623981702b2.png,,,,,,,
REZE00002,Action Figures,Anime Figures,Re:Zero Starting Life in Another World Aqua Float Girls Echidna Figure,New/sealed,1,Auction,25,12-15 oz,,,Not Hazmat,https://i.ibb.co/mJ6H1Dz/35e4e093-b93e-450e-a0d2-c6ed7ed56789.png,,,,,,,
4983164182231,Action Figures,Anime Figures,Re:Zero Starting Life in Another World Banpresto Chronicle EXQ Figure Rem,New/sealed,1,Auction,25,1-2 lbs,,,Not Hazmat,https://i.ibb.co/3WWKr8R/27c0599a-806c-417f-a6ca-d3dbefed3aed.png,,,,,,,
4580736401594,Action Figures,Anime Figures,Re:Zero Starting Life in Another World BiCute Bunnies Ram (White Pearl Color Ver.) Figure,New/sealed,1,Auction,25,1-2 lbs,,,Not Hazmat,https://i.ibb.co/d4p5dRn/b5228cfc-6062-4d6a-9ec2-8ab7cbb54797.png,,,,,,,
4983164185133,Action Figures,Anime Figures,Re:Zero Starting Life in Another World Relax Time Rem (Training Ver.),New/sealed,1,Auction,20,1-2 lbs,,,Not Hazmat,https://i.ibb.co/NnPb7hS/0d545b91-4b24-45a1-a299-7d170837ff5e.png,,,,,,,
4983164186970,Action Figures,Anime Figures,Re:Zero Starting Life in Another World Rem (Celestial Vivi),New/sealed,1,Auction,20,1-2 lbs,,,Not Hazmat,https://i.ibb.co/rkJbzhb/992c6294-853b-40eb-b79d-c2b9e9574389.png,,,,,,,
4570001510465,Action Figures,Anime Figures,Rent-A-Girlfriend B-Style Chizuru Mizuhara (Bunny Ver.) 1/4 Scale Figure,New/sealed,1,Auction,225,1-2 lbs,,,Not Hazmat,https://i.ibb.co/HgspMHw/eb3682de-f3c0-424d-aa93-f7b5d99f8d4a.png,,,,,,,
4983164170177,Action Figures,Anime Figures,Rent-A-Girlfriend EXQ Sumi Sakurasawa Figure,New/sealed,2,Auction,20,12-15 oz,,,Not Hazmat,https://i.ibb.co/vVVwCbz/90b91d30-68f6-47fc-9b4e-25edaf077ab8.png,,,,,,,
SAEK00001,Action Figures,Anime Figures,Saekano: How to Raise a Boring Girlfriend Aqua Float Girls Utaha Kasumigaoka Figure,New/sealed,1,Auction,25,12-15 oz,,,Not Hazmat,https://i.ibb.co/8YJkBb2/5a24c250-79f8-42e9-968c-83fee7358b70.png,,,,,,,
SAEK00002,Action Figures,Anime Figures,Saekano: How to Raise a Boring Girlfriend Megumi Kato (Uniform Ver.) Figure,New/sealed,1,Auction,20,12-15 oz,,,Not Hazmat,https://i.ibb.co/L8XHqRy/eec45f50-72eb-4780-9c3a-69ee174a79f4.png,,,,,,,
4589584959547,Action Figures,Anime Figures,Sakura Miku (2022) Noodle Stopper Figure,New/sealed,1,Auction,25,1-2 lbs,,,Not Hazmat,https://i.ibb.co/C9mrwBm/4d92b26b-9689-469b-815a-32ef92444ba6.png,,,,,,,
662248839622,Action Figures,Anime Figures,Sakura Miku (Newly Written 2020 Ver.) Prize Figure,New/sealed,2,Auction,25,1-2 lbs,,,Not Hazmat,https://i.ibb.co/S3cB58w/56c13f6b-ce33-4413-b4b8-942c7204319e.png,,,,,,,
SMIK00001,Action Figures,Anime Figures,Sakura Miku (Newly Written Illustration Ver.) Prize Figure,New/sealed,2,Auction,25,1-2 lbs,,,Not Hazmat,https://i.ibb.co/gr0ZbVJ/fac239dd-4856-45d8-8340-b8343fe902a7.png,,,,,,,
4570001956263,Action Figures,Anime Figures,Sakura Miku (Ver. 3) Super Premium Figure,New/sealed,2,Auction,25,1-2 lbs,,,Not Hazmat,https://i.ibb.co/gV5nzvk/22296cb7-815a-4ec4-91f3-e80be840632e.png,,,,,,,
4589584959820,Action Figures,Anime Figures,Sakura Miku (Winking Ver.) Noodle Stopper Figure,New/sealed,1,Auction,25,1-2 lbs,,,Not Hazmat,https://i.ibb.co/J5mYtHT/d35d37f4-c871-4d9e-9b41-e25e6a5963bb.png,,,,,,,
SAND00001,Action Figures,Anime Figures,Sand Land DXF Beelzebub,New/sealed,1,Auction,20,12-15 oz,,,Not Hazmat,https://i.ibb.co/ChbMsNX/7897ba87-c0c5-425d-b065-75660bee7bb3.png,,,,,,,
SK000001,Action Figures,Anime Figures,Shaman King Horohoro Figure,New/sealed,1,Auction,15,12-15 oz,,,Not Hazmat,https://i.ibb.co/1TnH3mR/f247df02-885d-4956-94ed-2273af4a45c3.png,,,,,,,
4580779541028,Action Figures,Anime Figures,Shangri-La Frontier Luminasta OiKatzo Figure,New/sealed,1,Auction,25,1-2 lbs,,,Not Hazmat,https://i.ibb.co/tz6NwZ8/9eccf648-e9df-4987-9595-4f7840305565.png,,,,,,,
SPYX00001,Action Figures,Anime Figures,Spy x Family Anya Forger Noodle Stopper Figure,New/sealed,1,Auction,20,1-2 lbs,,,Not Hazmat,https://i.ibb.co/WFCcKwb/27ed4d12-15e4-4ff5-a851-f44aa4cd8dbb.png,,,,,,,
4580779535584,Action Figures,Anime Figures,Spy x Family Luminasta Anya Forger (Ooting Ver.) Figure,New/sealed,1,Auction,25,1-2 lbs,,,Not Hazmat,https://i.ibb.co/g3MFw2f/10534679-ddc6-48f0-b358-17c023fa5c15.png,,,,,,,
4580779538103,Action Figures,Anime Figures,Spy x Family Luminasta Fiona Frost (Tennis) Figure,New/sealed,1,Auction,25,1-2 lbs,,,Not Hazmat,https://i.ibb.co/k2qrkvR/ee051e68-2f4e-462a-9c6c-8512d35a9896.png,,,,,,,
4983164188127,Action Figures,Anime Figures,Summer Time Rendering Real Figure Rendering Hizuru Minamikata,New/sealed,1,Auction,20,12-15 oz,,,Not Hazmat,https://i.ibb.co/JcRN3vM/f7ff6b3e-0321-4003-bb87-112c12087095.png,,,,,,,
4983164189186,Action Figures,Anime Figures,Summer Time Rendering Real Figure Rendering Ushio Kofune,New/sealed,2,Auction,20,12-15 oz,,,Not Hazmat,https://i.ibb.co/bQkvXXj/23a49ad8-d61d-4c1b-9295-faf55e7e8d7d.png,,,,,,,
TUES00001,Action Figures,Anime Figures,Tawawa on Monday Two Ai-chan Noodle Stopper Figure,New/sealed,1,Auction,20,1-2 lbs,,,Not Hazmat,https://i.ibb.co/SxCkB40/382b3bb1-ff9d-483b-8104-7f4b845978bf.png,,,,,,,
4570001510649,Action Figures,Anime Figures,That Time I Got Reincarnated As A Slime B-Style Milim (Bare Leg Bunny Ver.) 1/4 Scale Figure,New/sealed,1,Auction,225,1-2 lbs,,,Not Hazmat,https://i.ibb.co/ZVS6DKP/d64d5e8c-c77d-41f8-a199-a430f118d27d.png,,,,,,,
SLM00001,Action Figures,Anime Figures,That Time I Got Reincarnated as a Slime Otherworlder Figure Vol.8 Souei,New/sealed,1,Auction,20,12-15 oz,,,Not Hazmat,https://i.ibb.co/y66yqHW/7ad9dc3c-1134-4ea4-9f4f-dc931c1403f6.png,,,,,,,
4580779530848,Action Figures,Anime Figures,The Cafe Terrace and its Goddesses Luminasta Akane Hououji Figure,New/sealed,1,Auction,20,12-15 oz,,,Not Hazmat,https://i.ibb.co/HqxVdyg/8ea01d4a-0ec3-420b-ae88-7a35271146ea.png,,,,,,,
IDOL00001,Action Figures,Anime Figures,THE iDOLM@STER Cinderella Girls - Sato Shin - Espresto est - Brilliant Dress (Bandai Spirits),New/sealed,1,Auction,15,1-2 lbs,,,Not Hazmat,https://i.ibb.co/N26PDmd/2863971.png,,,,,,,
IDOL00002,Action Figures,Anime Figures,The Idolmaster Cinderella Girls Emotional Lens Yuuki Otokura,New/sealed,1,Auction,20,12-15 oz,,,Not Hazmat,https://i.ibb.co/qnx9P70/55cfc967-2607-41d8-aa24-eec199c2913a.png,,,,,,,
IDOL00003,Action Figures,Anime Figures,The Idolmaster Shiny Colors Relax time Hinana Ichikawa,New/sealed,1,Auction,25,1-2 lbs,,,Not Hazmat,https://i.ibb.co/7K2LYTY/27ed10b9-2431-4f97-b05f-ee5efe00f096.png,,,,,,,
IDOL00004,Action Figures,Anime Figures,The Idolmaster: Shiny Colors Emotional Lens Juri Saijo,New/sealed,1,Auction,20,12-15 oz,,,Not Hazmat,https://i.ibb.co/187QdRm/8d85bec0-1b9e-4d6d-aaaa-af9a172d3f5a.png,,,,,,,
IDOL00005,Action Figures,Anime Figures,The Idolmaster: Shiny Colors Espresto est Asahi Serizawa (Windy and Motions),New/sealed,1,Auction,20,1-2 lbs,,,Not Hazmat,https://i.ibb.co/28Hx2R2/af179a2b-cdb2-4072-9d80-d959c4d4d60f.png,,,,,,,
IDOL00006,Action Figures,Anime Figures,The Idolmaster: Shiny Colors Mano Sakuragi (Relax Time),New/sealed,2,Auction,25,1-2 lbs,,,Not Hazmat,https://i.ibb.co/2ch1n3b/8b201395-817b-4622-8723-347311404bdb.png,,,,,,,
4570001964152,Action Figures,Anime Figures,The Quintessential Quintuplets 2 Miku Nakano (Nurse Ver.) Super Premium Figure,New/sealed,2,Auction,20,1-2 lbs,,,Not Hazmat,https://i.ibb.co/4Vzprcg/d9edd4a7-9a28-4d5d-89e3-97a94d5651d2.png,,,,,,,
4580779504139,Action Figures,Anime Figures,The Quintessential Quintuplets Ichika Nakano (The Last Festival) Super Premium Figure,New/sealed,1,Auction,20,1-2 lbs,,,Not Hazmat,https://i.ibb.co/0JNr5XL/8fae6d16-1772-4429-ae9f-c710531395d6.png,,,,,,,
4570001968778,Action Figures,Anime Figures,The Quintessential Quintuplets Ichika Nakano Premium Figure,New/sealed,1,Auction,20,1-2 lbs,,,Not Hazmat,https://i.ibb.co/TM41nsK/a9b4f684-f73f-4b59-9b4f-7a7e02056a0d.png,,,,,,,
4983164192216,Action Figures,Anime Figures,The Quintessential Quintuplets Kyunties Ichika Nakano (Nurse Ver.),New/sealed,1,Auction,20,12-15 oz,,,Not Hazmat,https://i.ibb.co/TKwXbV2/0f93b328-d1d4-4a6d-bdfe-7a832743d679.png,,,,,,,
QQ000001,Action Figures,Anime Figures,The Quintessential Quintuplets Movie Kyunties Itsuki Nakano (Nurse Ver.),New/sealed,1,Auction,20,12-15 oz,,,Not Hazmat,https://i.ibb.co/BLY8ZqD/98072477-5a61-4e7f-be10-b008fa75083a.png,,,,,,,
4983164194296,Action Figures,Anime Figures,The Quintessential Quintuplets Movie Kyunties Yotsuba Nakano (Nurse Ver.) Figure,New/sealed,1,Auction,20,12-15 oz,,,Not Hazmat,https://i.ibb.co/R4RM2fW/feecbac3-9605-4f50-87eb-e24317f0f201.png,,,,,,,
4570001968846,Action Figures,Anime Figures,The Quintessential Quintuplets Yotsuba Nakano (Dealer Ver.) Super Premium Figure,New/sealed,1,Auction,20,1-2 lbs,,,Not Hazmat,https://i.ibb.co/tByS7qX/709cac99-1471-43d5-b6f1-8f20c762bfae.png,,,,,,,
4983164188103,Action Figures,Anime Figures,Uma Musume: Pretty Derby Mihono Bourbon Figure,New/sealed,1,Auction,20,1-2 lbs,,,Not Hazmat,https://i.ibb.co/jZ690hC/f84b4bb8-649d-470d-857a-21fa3bb29d2a.png,,,,,,,
UMI00001,Action Figures,Anime Figures,Umi Monogatari - Marin - Noodle Stopper Figure (FuRyu),New/sealed,1,Auction,20,1-2 lbs,,,Not Hazmat,https://i.ibb.co/VvNNH8y/1781049-f581d.png,,,,,,,
4580779511144,Action Figures,Anime Figures,Uncle From Another World Elf Premium Perching Figure,New/sealed,1,Auction,20,12-15 oz,,,Not Hazmat,https://i.ibb.co/bXYkVh2/cd80bc1a-5842-40b9-9384-b09be867402f.png,,,,,,,
251073701451662600,Action Figures,Anime Figures,Wandering Witch: The Journey of Elaina Elaina (Knit Sweater Ver.) Coreful Figure,New/sealed,2,Auction,25,1-2 lbs,,,Not Hazmat,https://i.ibb.co/Y8TTgKx/f800dd76-5cd5-4ef7-af21-d9f3da9742b8.png,,,,,,,
251073701451663400,Action Figures,Anime Figures,Wandering Witch: The Journey of Elaina Elaina (Sakura Japanese Kimono Ver.) Coreful Figure (Renewal Edition),New/sealed,1,Auction,25,1-2 lbs,,,Not Hazmat,https://i.ibb.co/hftcrV3/f917ae82-1b76-4c81-a557-2f55a96dd776.png,,,,,,,
4983164867688,Action Figures,Anime Figures,Yu-Gi-Oh! Duel Monsters - Kaiba Seto - Q Posket (Bandai Spirits),New/sealed,1,Auction,20,12-15 oz,,,Not Hazmat,https://i.ibb.co/y0yrLkM/1998872-35366.png,,,,,,,